Area,S,Data_type,Name
0.01,171,Plot,FH1
0.01,106,Plot,Lu_Menglun
0.01,94,Plot,Lu_Mengla
0.01,84,Plot,Lu_Manyang
0.01,68,Plot,Xiang_Mulun
0.01,72,Plot,Xiang_Maoershan
0.001,12,Plot,Wu_P1
0.0006,10,Plot,Wu_P3
0.001,10,Plot,Wu_P4
0.0006,10,Plot,Wu_P9
0.0025,68,Plot,Cao_1
0.0004,11,Plot,E1
0.0004,15,Plot,E2
0.0004,21,Plot,E3
0.0006,37,Plot,E4
0.0006,42,Plot,E5
0.0006,32,Plot,E6
0.0006,38,Plot,E7
0.0006,38,Plot,E8
0.0006,36,Plot,E9
0.0006,24,Plot,E10
0.0006,19,Plot,E11
0.0006,32,Plot,E12
0.0006,15,Plot,E13
0.0006,25,Plot,E14
0.0006,16,Plot,E15
0.0006,12,Plot,E16
0.0006,28,Plot,E17
0.0006,22,Plot,E18
0.0006,9,Plot,E19
0.0006,10,Plot,E20
0.0006,16,Plot,E21
0.0006,12,Plot,E22
0.0006,18,Plot,E23
0.0006,13,Plot,E24
0.0006,16,Plot,E25
0.0006,8,Plot,E26
0.0006,9,Plot,E27
0.0006,4,Plot,E28
0.0001,1,Plot,E29
0.0001,3,Plot,E30
0.0001,9,Plot,N1
0.0001,4,Plot,N2
0.0004,2,Plot,N3
0.0004,5,Plot,N4
0.0006,10,Plot,N5
0.0006,19,Plot,N6
0.0006,24,Plot,N7
0.0006,22,Plot,N8
0.0006,30,Plot,N9
0.0006,20,Plot,N10
0.0006,28,Plot,N11
0.0004,21,Plot,N12
0.0004,19,Plot,N13
0.02,186,Plot,AGJ-01
0.01,291,Plot,AGP-01
0.01,292,Plot,AGP-02
0.01,143,Plot,ALF-01
0.01,108,Plot,ALF-02
0.02,329,Plot,ALM-01
0.01,323,Plot,ALP-01
0.01,333,Plot,ALP-02
0.001,50,Plot,ALP-05
0.001,73,Plot,ALP-10
0.001,66,Plot,ALP-16
0.001,48,Plot,ALP-20
0.001,38,Plot,ALP-23
0.01,43,Plot,ALP-40
0.01,106,Plot,AMA-02
0.01,138,Plot,AMD-01
0.001,54,Plot,AMI-01
0.001,34,Plot,ANC-01
0.001,42,Plot,ARC-10
0.0004,16,Plot,ARC-11
0.0025,44,Plot,BAC-01
0.0025,33,Plot,BAC-05
0.01,209,Plot,BAR-01
0.01,123,Plot,BBS-01
0.01,113,Plot,BBS-02
0.01,104,Plot,BBS-03
0.01,98,Plot,BBS-04
0.01,112,Plot,BBS-05
0.01,106,Plot,BBS-06
0.01,104,Plot,BBS-07
0.01,97,Plot,BBS-08
0.001,65,Plot,BCA-01
0.001,26,Plot,BCU-01
0.02,383,Plot,BDF-01
0.01,298,Plot,BDF-03
0.01,316,Plot,BDF-04
0.03,487,Plot,BDF-06
0.01,302,Plot,BDF-07
0.01,290,Plot,BDF-09
0.02,461,Plot,BDF-10
0.03,505,Plot,BDF-11
0.02,438,Plot,BDF-12
0.09,637,Plot,BDF-13
0.01,296,Plot,BDF-14
0.01,93,Plot,BEE-01
0.001,34,Plot,BLS-01
0.01,153,Plot,BNT-01
0.01,154,Plot,BNT-02
0.01,154,Plot,BNT-04
0.01,135,Plot,BNT-05
0.01,242,Plot,BOG-01
0.01,272,Plot,BOG-02
0.001,37,Plot,BRP-01
0.005,39,Plot,BVA-01
0.001,31,Plot,CAG-01
0.001,32,Plot,CAG-02
0.001,25,Plot,CAG-03
0.001,43,Plot,CAG-05
0.001,24,Plot,CAG-06
0.001,31,Plot,CAG-07
0.001,42,Plot,CAG-08
0.001,33,Plot,CAG-09
0.001,26,Plot,CAG-10
0.001,21,Plot,CAG-11
0.0025,40,Plot,CAI-01
0.01,105,Plot,CAS-01
0.01,73,Plot,CAS-02
0.01,69,Plot,CAS-03
0.0025,16,Plot,CAT-02
0.01,190,Plot,CAX-01
0.01,131,Plot,CAX-06
0.01,90,Plot,CAX-08
0.001,33,Plot,CBC-01
0.001,31,Plot,CBO-10
0.001,36,Plot,CBP-01
0.001,41,Plot,CBP-02
0.001,34,Plot,CBP-03
0.001,44,Plot,CBP-04
0.001,26,Plot,CBP-06
0.001,30,Plot,CBP-07
0.001,38,Plot,CBP-08
0.001,37,Plot,CDK-01
0.01,124,Plot,CDM-01
0.001,30,Plot,CDM-02
0.001,37,Plot,CDT-01
0.01,118,Plot,CHO-01
0.001,31,Plot,CJC-04
0.001,25,Plot,CJC-05
0.001,42,Plot,CJC-06
0.001,40,Plot,CJC-07
0.001,33,Plot,CJC-08
0.001,48,Plot,CJC-09
0.001,33,Plot,CLO-01
0.001,37,Plot,CLS-01
0.001,39,Plot,CLS-02
0.001,31,Plot,CLS-03
0.001,44,Plot,CLT-01
0.001,46,Plot,CLT-02
0.001,46,Plot,CLT-06
0.001,38,Plot,CLT-07
0.001,39,Plot,CLT-09
0.001,51,Plot,CLV-01
0.001,51,Plot,CLV-02
0.001,42,Plot,CLV-03
0.001,43,Plot,CLV-04
0.001,37,Plot,CLV-05
0.001,30,Plot,CLV-06
0.001,37,Plot,CLV-07
0.001,37,Plot,CLV-08
0.01,91,Plot,CNG-01
0.001,33,Plot,CNS-01
0.001,42,Plot,CNS-02
0.001,36,Plot,CNS-03
0.001,33,Plot,CNS-04
0.001,36,Plot,CNS-05
0.001,44,Plot,CNS-06
0.001,37,Plot,CNS-07
0.001,37,Plot,CNS-08
0.001,41,Plot,CNS-09
0.001,34,Plot,CNS-10
0.001,38,Plot,CNT-01
0.001,39,Plot,CNT-02
0.001,27,Plot,CNT-04
0.001,38,Plot,CNT-05
0.001,41,Plot,CNT-06
0.001,39,Plot,CNT-07
0.001,34,Plot,COL-01
0.001,43,Plot,CON-01
0.001,45,Plot,CON-02
0.001,52,Plot,CON-11
0.001,55,Plot,CON-12
0.001,36,Plot,CON-13
0.001,33,Plot,CPA-01
0.001,40,Plot,CPA-02
0.001,34,Plot,CPA-03
0.001,41,Plot,CPA-04
0.001,50,Plot,CPA-05
0.001,37,Plot,CPA-06
0.001,43,Plot,CPA-07
0.001,29,Plot,CPA-08
0.01,132,Plot,CPP-01
0.001,30,Plot,CPR-01
0.001,40,Plot,CPR-02
0.001,38,Plot,CPR-03
0.001,30,Plot,CPR-04
0.001,25,Plot,CPR-05
0.001,27,Plot,CPR-06
0.001,35,Plot,CPR-08
0.001,29,Plot,CPR-09
0.001,36,Plot,CPR-10
0.001,22,Plot,CPR-11
0.001,31,Plot,CPZ-01
0.01,69,Plot,CRP-01
0.01,21,Plot,CRZ-01
0.01,61,Plot,CSM-01
0.01,185,Plot,CUZ-01
0.01,168,Plot,CUZ-03
0.01,211,Plot,CUZ-04
0.001,41,Plot,CUZ-10
0.01,208,Plot,DOI-01
0.01,145,Plot,DOI-02
0.0004,32,Plot,DUR-01
0.01,45,Plot,EBB-01
0.01,57,Plot,EBB-02
0.01,53,Plot,EBB-03
0.01,34,Plot,EBB-05
0.01,57,Plot,EBB-07
0.01,54,Plot,EBB-08
0.01,36,Plot,EBB-09
0.01,43,Plot,EBB-10
0.01,16,Plot,EBB-11
0.01,32,Plot,EBB-12
0.01,38,Plot,EBB-13
0.01,46,Plot,EBB-14
0.0025,46,Plot,ELD-01
0.0025,64,Plot,ELD-03
0.0025,59,Plot,ELD-04
0.01,24,Plot,EMC-01
0.001,37,Plot,ENT-01
0.01,163,Plot,FEC-01
0.01,85,Plot,FLO-01
0.01,63,Plot,FLO-02
0.01,58,Plot,FMH-01
0.01,57,Plot,FMH-03
0.01,25,Plot,FOB-01
0.001,36,Plot,GAB-01
0.001,50,Plot,GAL-01
0.01,149,Plot,GMT-01
0.001,40,Plot,HEA-01
0.01,26,Plot,HSP-01
0.001,36,Plot,HUM-01
0.01,68,Plot,IMA-01
0.01,59,Plot,IMA-02
0.01,171,Plot,IND-01
0.001,56,Plot,IND-10
0.013,173,Plot,INF-01
0.001,50,Plot,IVC-01
0.01,72,Plot,IWO-03
0.01,53,Plot,IWO-09
0.01,64,Plot,IWO-11
0.01,83,Plot,IWO-12
0.01,43,Plot,IWO-21
0.05,194,Plot,JAC-01
0.05,205,Plot,JAC-02
0.04,431,Plot,JAM-01
0.01,274,Plot,JAS-02
0.01,267,Plot,JAS-03
0.01,231,Plot,JAS-04
0.01,193,Plot,JAS-05
0.001,59,Plot,JAS-10
0.001,30,Plot,JAU-01
0.01,144,Plot,JBU-01
0.001,52,Plot,JEN-01
0.01,254,Plot,JEN-11
0.01,134,Plot,JEN-12
0.01,192,Plot,JEN-13
0.005,32,Plot,JEN-14
0.005,69,Plot,JEN-15
0.0093,39,Plot,JFR-01
0.00525,31,Plot,JFR-02
0.01025,45,Plot,JFR-03
0.01,40,Plot,JFR-04
0.01,37,Plot,JFR-06
0.01025,36,Plot,JFR-07
0.01,34,Plot,JFR-08
0.00975,32,Plot,JFR-09
0.01,133,Plot,JRI-01
0.01,208,Plot,JUY-01
0.02,137,Plot,LAS-01
0.01,179,Plot,LAS-02
0.02,280,Plot,LAS-03
0.001,29,Plot,LCL-01
0.01,106,Plot,LFB-01
0.001,38,Plot,LJV-01
0.01,117,Plot,LMS-01
0.01,105,Plot,LMS-02
0.01,117,Plot,LMS-03
0.01,107,Plot,LMS-04
0.01,86,Plot,LMS-06
0.01,85,Plot,LMS-07
0.01,275,Plot,LOR-01
0.01,100,Plot,LSL-01
0.001,20,Plot,LST-01
0.001,24,Plot,MAJ-01
0.001,45,Plot,MAJ-02
0.001,45,Plot,MAS-01
0.01,160,Plot,MBT-01
0.01,152,Plot,MBT-02
0.01,155,Plot,MBT-04
0.01,204,Plot,MBT-05
0.01,180,Plot,MBT-06
0.01,157,Plot,MBT-07
0.01,157,Plot,MBT-08
0.02,137,Plot,MCB-01
0.01,205,Plot,MIN-01
0.0225,261,Plot,MNU-01
0.02,308,Plot,MNU-03
0.02,219,Plot,MNU-05
0.0225,216,Plot,MNU-06
0.02,199,Plot,MNU-08
0.02,183,Plot,MNU-09
0.001,55,Plot,MNU-10
0.02,153,Plot,MRB-01
0.02,152,Plot,MRB-02
0.01,253,Plot,MSH-01
0.01,171,Plot,MTH-01
0.01,79,Plot,MVE-01
0.01,58,Plot,NCR-01
0.01,65,Plot,NCR-02
0.001,26,Plot,NEB-01
0.01,76,Plot,NLT-03
0.01,90,Plot,NMS-01
0.0055,72,Plot,NMS-02
0.01,105,Plot,NMS-03
0.01,116,Plot,NMS-04
0.01,106,Plot,NMS-06
0.001,40,Plot,NMU-01
0.01,94,Plot,NOU-01
0.01,130,Plot,NOU-03
0.01,109,Plot,NOU-07
0.01,177,Plot,NOU-22
0.25,419,Plot,PAB-02
0.01,178,Plot,PAK-01
0.01,204,Plot,PAK-02
0.01,200,Plot,PAY-01
0.001,36,Plot,PBS-02
0.001,40,Plot,PBS-03
0.001,46,Plot,PBS-04
0.01,36,Plot,PEA-02
0.01,21,Plot,PEA-03
0.01,29,Plot,PEA-04
0.01,33,Plot,PEA-05
0.01,34,Plot,PEA-06
0.01,11,Plot,PEA-07
0.01,11,Plot,PEA-08
0.001,25,Plot,PGP-01
0.01,82,Plot,PIB-05
0.01,89,Plot,PIB-06
0.01,103,Plot,PIB-12
0.01,183,Plot,PNY-04
0.01,168,Plot,PNY-05
0.01,135,Plot,PNY-06
0.01,199,Plot,PNY-07
0.01,189,Plot,POR-01
0.01,188,Plot,POR-02
0.01,148,Plot,PPB-01
0.01,97,Plot,PTA-01
0.01,84,Plot,PTA-02
0.01,72,Plot,PTA-07
0.001,45,Plot,PTA-12
0.01,199,Plot,PTB-01
0.01,203,Plot,PTB-02
0.01,127,Plot,PTN-01
0.005,16,Plot,QUI-01
0.001,52,Plot,RAY-01
0.01,157,Plot,RBR-01
0.01,180,Plot,RCS-05
0.005,51,Plot,REQ-01
0.005,37,Plot,REQ-04
0.005,45,Plot,REQ-05
0.005,57,Plot,REQ-13
0.01,130,Plot,RET-05
0.0004,19,Plot,RFE-34
0.01,148,Plot,RFH-01
0.0004,18,Plot,RGE-15
0.0004,15,Plot,RHA-26
0.0025,58,Plot,RIO-01
0.0004,17,Plot,RMA-22
0.000625,26,Plot,RMI-05
0.000625,18,Plot,RMI-09
0.0006251,28,Plot,RMO-01
0.000625,25,Plot,RMO-03
0.0004,15,Plot,RNA-18
0.001,33,Plot,RNE-01
0.01,155,Plot,RPA-01
0.0004,19,Plot,RPE-38
0.01,132,Plot,RPI-01
0.001,23,Plot,RPL-01
0.0004,18,Plot,RPN-30
0.0004,30,Plot,RSA-42
0.0004,17,Plot,RSN-46
0.01,181,Plot,RST-01
0.001,44,Plot,RTA-01
0.01,150,Plot,RTH-01
0.0004,22,Plot,RTP-50
0.01,90,Plot,SAA-01
0.01,74,Plot,SAA-02
0.01,78,Plot,SAT-01
0.01,118,Plot,SAW-01
0.01,48,Plot,SCR-04
0.01,78,Plot,SCT-01
0.01,193,Plot,SHI-01
0.001,48,Plot,SHR-01
0.01,40,Plot,SIP-01
0.005,10,Plot,SJO-01
0.01,136,Plot,SRT-01
0.01,378,Plot,SUC-01
0.01,355,Plot,SUC-02
0.01,94,Plot,SUC-03
0.01,264,Plot,SUC-04
0.01,204,Plot,SUC-05
0.01,209,Plot,TAM-01
0.01,235,Plot,TAM-02
0.0058,29,Plot,TAM-03
0.01,210,Plot,TAM-05
0.01,226,Plot,TAM-06
0.01,194,Plot,TAM-07
0.01,174,Plot,TAM-09
0.001,32,Plot,TAM-20
0.01,53,Plot,TAN-02
0.01,53,Plot,TAN-03
0.01,60,Plot,TAN-04
0.0025,63,Plot,TAP-50
0.0025,57,Plot,TAP-54
0.001,31,Plot,TAY-01
0.01,135,Plot,TEC-01
0.01,163,Plot,TEC-02
0.01,132,Plot,TEC-03
0.01,153,Plot,TEC-04
0.01,162,Plot,TEC-05
0.01,149,Plot,TEC-06
0.01,289,Plot,TEM-01
0.01,261,Plot,TEM-02
0.01,267,Plot,TEM-03
0.01,260,Plot,TEM-04
0.01,292,Plot,TEM-05
0.01,274,Plot,TEM-06
0.01,166,Plot,TIP-01
0.008,221,Plot,TIP-02
0.01,134,Plot,TIP-03
0.0225,233,Plot,TMP-01
0.001,50,Plot,TUT-01
0.01,17,Plot,VCR-03
0.01,73,Plot,VCR-04
0.005,35,Plot,VEN-01
0.001,33,Plot,VTU-01
0.001,39,Plot,VTU-02
0.001,19,Plot,VTU-03
0.001,35,Plot,VTU-04
0.001,37,Plot,VTU-05
0.001,35,Plot,VTU-06
0.001,21,Plot,VTU-07
0.001,37,Plot,VTU-08
0.01,367,Plot,YAN-01
0.001,41,Plot,YAN-11
0.001,50,Plot,YAN-13
0.01,171,Plot,YUT-01
0.01,55,Plot,ZAR-01
0.01,166,Plot,ZAR-02
0.01,204,Plot,ZAR-03
0.01,129,Plot,ZAR-04
0.06,33,Plot,Sierrra_de_San_Javier
0.032,8,Plot,Chancani
0.004,1,Plot,Hadeth_1
0.004,1,Plot,Tannourine_1
0.004,1,Plot,Ain_Zahalta
0.004,1,Plot,Barouk_1
0.0179,56,Plot,Isecheno_Forrestel
0.04,53,Plot,Aya_forest
0.006,24,Plot,Ashiu_forest
0.0075,14,Plot,Sannosuke_forest
0.06875,55,Plot,Chichibu_mountains
0.008,30,Plot,Segire_river
0.3,148,Plot,Varagalaiar_forest
0.3,204,Plot,Khao_Yai_NP_forest
0.04,28,Plot,University_of_Ryukus_forest
0.04,7,Plot,Little_Schneider_Ridge
0.01,3,Plot,PSP1_plot
0.01,24,Plot,Rabongo_plot1
0.01,116,Plot,Village_transect_1
0.01,104,Plot,Jalope_transect_1
0.01,55,Plot,Picinguaba_Site2
0.004,68,Plot,Picinguaba_Site100
0.0018,104,Plot,Picinguaba_Site300
0.0018,105,Plot,Picinguaba_Site600
0.0018,90,Plot,Picinguaba_Site1000
0.002,4,Plot,Tunjenmir_1
0.002,5,Plot,Zangolina
0.005,39,Plot,La_Pantera_Yucatan
0.005,32,Plot,Zobawk_undisturbed_plot
0.0025,3,Plot,Eich_Low1
0.0025,2,Plot,Eich_Low2
0.0025,3,Plot,Eich_Low3
0.003,3,Plot,Eich_Up1
0.0025,2,Plot,Eich_Up2
0.003,3,Plot,Eich_Up3
0.0025,2,Plot,Eich_Up4
0.0025,1,Plot,Eich_Up5
0.0007,2,Plot,FR400150
0.0007,1,Plot,FR410486
0.0007,2,Plot,FR412863
0.0007,2,Plot,FR424835
0.0007,1,Plot,FR445578
0.0007,1,Plot,FR466362
0.0007,1,Plot,FR479921
0.0007,2,Plot,FR561795
0.0007,1,Plot,FR563061
0.0007,1,Plot,FR568184
0.0007,1,Plot,FR602772
0.0007,1,Plot,FR607264
0.0007,1,Plot,FR610884
0.0007,2,Plot,FR612408
0.0007,1,Plot,FR624512
0.0007,1,Plot,FR625536
0.0007,3,Plot,FR627114
0.0007,1,Plot,FR628852
0.0007,1,Plot,FR633318
0.0007,1,Plot,FR635607
0.0007,2,Plot,FR646572
0.0007,1,Plot,FR662132
0.0007,2,Plot,FR665349
0.0007,1,Plot,FR676858
0.0007,1,Plot,FR702096
0.0007,1,Plot,FR714748
0.0007,2,Plot,FR715241
0.0007,1,Plot,FR727034
0.0007,1,Plot,FR732887
0.0007,1,Plot,FR737984
0.0007,4,Plot,FR744726
0.0007,1,Plot,FR750489
0.0007,2,Plot,FR752046
0.0007,1,Plot,FR778967
0.0007,1,Plot,FR813192
0.0007,1,Plot,FR838219
0.0007,2,Plot,FR846846
0.0007,2,Plot,FR846866
0.0007,1,Plot,FR851553
0.0007,2,Plot,FR864996
0.0007,2,Plot,FR872846
0.005,58,Plot,1 (EP2) Downfall Creek
0.005,110,Plot,2 (EP3) Mount Haig
0.005,115,Plot,3 (EP4) Little Pine Creek
0.005,142,Plot,4 (EP9) Robson LA
0.005,127,Plot,5 (EP18) Mount Lewis
0.005,112,Plot,6 (EP19) Garrawalt
0.005,88,Plot,7 (EP29) Mount Fisher
0.005,110,Plot,8 (EP30) Agapetes LA
0.005,101,Plot,9 (EP31) Woopen Creek
0.005,71,Plot,10 (EP32) McIlwraith Range
0.005,75,Plot,11 (EP33) Curtain Fig
0.005,99,Plot,12 (EP34) Russell River
0.005,89,Plot,13 (EP35) Whyanbeel
0.005,48,Plot,14 (EP37) Eungella
0.005,95,Plot,15 (EP38) The Crater
0.005,86,Plot,16 (EP40) Agapetes ScA
0.005,85,Plot,17 (EP41) Oliver Creek
0.005,84,Plot,18 (EP42) Iron Range
0.005,118,Plot,19 (EP43) Mount Baldy
0.005,89,Plot,20 (EP44) Fantail LA
0.00053,1,Plot,IT7704
0.00053,2,Plot,IT11234
0.00053,7,Plot,IT156633
0.00053,2,Plot,IT190289
0.00053,3,Plot,IT238941
0.00053,5,Plot,IT65581
0.00053,4,Plot,IT159960
0.00053,1,Plot,IT114411
0.00053,5,Plot,IT174730
0.00053,3,Plot,IT280358
0.00053,6,Plot,IT187549
0.00053,4,Plot,IT188302
0.00053,6,Plot,IT59384
0.00053,2,Plot,IT149943
0.00053,2,Plot,IT232804
0.00053,2,Plot,IT122886
0.00053,1,Plot,IT189377
0.00053,7,Plot,IT141341
0.00053,4,Plot,IT190843
0.00053,2,Plot,IT216916
0.00053,4,Plot,IT280353
0.00053,5,Plot,IT146098
0.00053,2,Plot,IT252170
0.00053,2,Plot,IT267335
0.00053,3,Plot,IT38925
0.00053,3,Plot,IT130360
0.00053,2,Plot,IT181597
0.00053,4,Plot,IT58039
0.00053,1,Plot,IT179792
0.00053,1,Plot,IT185906
0.00053,2,Plot,IT18325
0.00053,6,Plot,IT157189
0.00053,3,Plot,IT172671
0.00053,1,Plot,IT281733
0.00053,2,Plot,IT9577
0.00053,5,Plot,IT186085
0.00053,5,Plot,IT134713
0.00053,1,Plot,IT187551
0.00053,4,Plot,IT29384
0.00053,1,Plot,IT124668
0.00053,5,Plot,IT127535
0.00053,4,Plot,IT260545
0.00053,2,Plot,IT201041
0.00053,1,Plot,IT264548
0.00053,2,Plot,IT118507
0.00053,2,Plot,IT176063
0.00053,2,Plot,IT25500
0.00053,3,Plot,IT159419
0.02,5,Plot,Ashendon_Abott
0.0128,5,Plot,Mundlimup_Abott
0.016,5,Plot,Chalk_Abbott
0.0025,64,Plot,Adam_Plot1_600m
0.0075,35,Plot,Tinte_Bepo_UF
0.02,55,Plot,Kubota786_Adekunle 2006
0.02,53,Plot,Kubota787_Adekunle 2006
0.02,41,Plot,Kubota788_Adekunle 2006
0.001257,3,Plot,Linder_1
0.001257,5,Plot,Linder_2
0.001257,2,Plot,Linder_3
0.001257,3,Plot,Linder_5
0.001257,5,Plot,Linder_6
0.001257,5,Plot,Linder_7
0.001257,8,Plot,Linder_9
0.001257,5,Plot,Linder_10
0.001257,8,Plot,Linder_11
0.001257,7,Plot,Linder_12
0.0004,10,Plot,Kandang_Badak_plot
0.0004,9,Plot,Summit_plot_mt_Pangrango
0.01,11,Plot,EU10_Boky_Reserve
0.01,6,Plot,EU12_Badinsky_Prales1
0.01,7,Plot,EU13_Dobrocsky_Prales
0.01,7,Plot,EU23_Hroncokovy_Grun
0.01,4,Plot,EU24_Stuzica
0.01,5,Plot,EU6_Babia_Gora
0.01,6,Plot,EU7_Poreba_Wielka-Koniknki
0.01,3,Plot,EU8_Tubacz
0.01,5,Plot,EU5_Kostrza
0.01,7,Plot,EU9_Klodne_nad_Dunajcom
0.01,5,Plot,EU4_Baniska_Reserve
0.01,6,Plot,EU3_Labowiec_Reserve
0.01,5,Plot,EU18_Mala_Ugolka
0.01,3,Plot,EU19_Velyka_Ugolka
0.01,3,Plot,EU17_Shyrokoluyhankyi
0.01,7,Plot,EU20_Ivankyvci
0.0005,6,Plot,Myers_H1
0.0005,2,Plot,Myers_H10
0.0005,4,Plot,Myers_H11
0.0005,7,Plot,Myers_H12
0.0005,5,Plot,Myers_H13
0.0005,8,Plot,Myers_H14
0.0005,10,Plot,Myers_H15
0.0005,16,Plot,Myers_H16
0.0005,12,Plot,Myers_H17
0.0005,10,Plot,Myers_H18
0.0005,8,Plot,Myers_H19
0.0005,4,Plot,Myers_H2
0.0005,17,Plot,Myers_H20
0.0005,20,Plot,Myers_H21
0.0005,13,Plot,Myers_H22
0.0005,12,Plot,Myers_H23
0.0005,6,Plot,Myers_H24
0.0005,6,Plot,Myers_H25
0.0005,10,Plot,Myers_H26
0.0005,9,Plot,Myers_H27
0.0005,4,Plot,Myers_H28
0.0005,6,Plot,Myers_H29
0.0005,4,Plot,Myers_H3
0.0005,8,Plot,Myers_H30
0.0005,10,Plot,Myers_H31
0.0005,10,Plot,Myers_H32
0.0005,9,Plot,Myers_H4
0.0005,8,Plot,Myers_H5
0.0005,5,Plot,Myers_H6
0.0005,4,Plot,Myers_H7
0.0005,4,Plot,Myers_H8
0.0005,6,Plot,Myers_H9
0.0005,15,Plot,Myers_L1
0.0005,7,Plot,Myers_L10
0.0005,7,Plot,Myers_L11
0.0005,14,Plot,Myers_L12
0.0005,8,Plot,Myers_L13
0.0005,14,Plot,Myers_L14
0.0005,8,Plot,Myers_L15
0.0005,11,Plot,Myers_L16
0.0005,12,Plot,Myers_L17
0.0005,9,Plot,Myers_L18
0.0005,10,Plot,Myers_L19
0.0005,5,Plot,Myers_L2
0.0005,10,Plot,Myers_L20
0.0005,10,Plot,Myers_L21
0.0005,8,Plot,Myers_L22
0.0005,8,Plot,Myers_L23
0.0005,10,Plot,Myers_L24
0.0005,9,Plot,Myers_L25
0.0005,7,Plot,Myers_L26
0.0005,2,Plot,Myers_L27
0.0005,1,Plot,Myers_L28
0.0005,4,Plot,Myers_L29
0.0005,14,Plot,Myers_L3
0.0005,2,Plot,Myers_L30
0.0005,7,Plot,Myers_L31
0.0005,4,Plot,Myers_L32
0.0005,9,Plot,Myers_L33
0.0005,5,Plot,Myers_L34
0.0005,7,Plot,Myers_L35
0.0005,6,Plot,Myers_L37
0.0005,6,Plot,Myers_L38
0.0005,3,Plot,Myers_L39
0.0005,11,Plot,Myers_L4
0.0005,3,Plot,Myers_L40
0.0005,8,Plot,Myers_L41
0.0005,9,Plot,Myers_L42
0.0005,10,Plot,Myers_L43
0.0005,6,Plot,Myers_L44
0.0005,5,Plot,Myers_L45
0.0005,8,Plot,Myers_L46
0.0005,5,Plot,Myers_L47
0.0005,5,Plot,Myers_L48
0.0005,6,Plot,Myers_L49
0.0005,7,Plot,Myers_L5
0.0005,11,Plot,Myers_L50
0.0005,17,Plot,Myers_L51
0.0005,15,Plot,Myers_L52
0.0005,10,Plot,Myers_L53
0.0005,8,Plot,Myers_L54
0.0005,6,Plot,Myers_L55
0.0005,4,Plot,Myers_L56
0.0005,2,Plot,Myers_L57
0.0005,6,Plot,Myers_L58
0.0005,6,Plot,Myers_L59
0.0005,10,Plot,Myers_L6
0.0005,4,Plot,Myers_L60
0.0005,8,Plot,Myers_L61
0.0005,5,Plot,Myers_L62
0.0005,6,Plot,Myers_L7
0.0005,11,Plot,Myers_L8
0.0005,6,Plot,Myers_L9
0.0025,32,Plot,Popradit_N1
0.0025,56,Plot,Popradit_N2
0.0025,77,Plot,Popradit_N2
0.0025,35,Plot,Popradit_E1
0.0025,50,Plot,Popradit_E2
0.0025,51,Plot,Popradit_E3
0.0025,42,Plot,Popradit_W1
0.0025,62,Plot,Popradit_W2
0.0025,60,Plot,Popradit_W3
0.0025,39,Plot,Popradit_S1
0.0025,48,Plot,Popradit_S2
0.0025,41,Plot,Popradit_S3
0.01,75,Plot,BSP1
0.01,58,Plot,BSP10
0.01,40,Plot,BSP100
0.01,49,Plot,BSP101
0.01,65,Plot,BSP102
0.01,90,Plot,BSP104
0.01,72,Plot,BSP11
0.01,67,Plot,BSP12
0.01,47,Plot,BSP13
0.01,39,Plot,BSP14
0.01,56,Plot,BSP15
0.01,68,Plot,BSP16
0.01,46,Plot,BSP17
0.01,62,Plot,BSP18
0.01,22,Plot,BSP2
0.01,29,Plot,BSP20
0.01,25,Plot,BSP21
0.01,28,Plot,BSP22
0.01,28,Plot,BSP23
0.01,26,Plot,BSP24
0.01,25,Plot,BSP25
0.01,54,Plot,BSP26
0.01,63,Plot,BSP27
0.01,36,Plot,BSP28
0.01,56,Plot,BSP29
0.01,33,Plot,BSP3
0.01,64,Plot,BSP30
0.01,64,Plot,BSP31
0.01,22,Plot,BSP33
0.01,28,Plot,BSP34
0.01,40,Plot,BSP35
0.01,77,Plot,BSP36
0.01,65,Plot,BSP37
0.01,37,Plot,BSP4
0.01,72,Plot,BSP41
0.01,59,Plot,BSP42
0.01,69,Plot,BSP43
0.01,25,Plot,BSP44
0.01,37,Plot,BSP45
0.01,39,Plot,BSP46
0.01,38,Plot,BSP47
0.01,32,Plot,BSP48
0.01,30,Plot,BSP49
0.01,74,Plot,BSP5
0.01,25,Plot,BSP50
0.01,23,Plot,BSP51
0.01,30,Plot,BSP52
0.01,45,Plot,BSP53
0.01,26,Plot,BSP54
0.01,30,Plot,BSP55
0.01,14,Plot,BSP56
0.01,51,Plot,BSP57
0.01,37,Plot,BSP58
0.01,63,Plot,BSP59
0.01,83,Plot,BSP6
0.01,36,Plot,BSP60
0.01,25,Plot,BSP61
0.01,48,Plot,BSP62
0.01,32,Plot,BSP63
0.01,34,Plot,BSP64
0.01,50,Plot,BSP65
0.01,34,Plot,BSP66
0.01,57,Plot,BSP67
0.01,32,Plot,BSP68
0.01,85,Plot,BSP69
0.01,14,Plot,BSP7
0.01,64,Plot,BSP70
0.01,84,Plot,BSP71
0.01,80,Plot,BSP72
0.01,72,Plot,BSP73
0.01,57,Plot,BSP74
0.01,46,Plot,BSP75
0.01,61,Plot,BSP76
0.01,59,Plot,BSP78
0.01,93,Plot,BSP79
0.01,27,Plot,BSP8
0.01,73,Plot,BSP80
0.01,64,Plot,BSP82
0.01,62,Plot,BSP83
0.01,81,Plot,BSP84
0.01,35,Plot,BSP85
0.01,27,Plot,BSP86
0.01,27,Plot,BSP87
0.01,58,Plot,BSP88
0.01,53,Plot,BSP89
0.01,39,Plot,BSP9
0.01,44,Plot,BSP90
0.01,44,Plot,BSP91
0.01,54,Plot,BSP92
0.01,39,Plot,BSP93
0.01,68,Plot,BSP94
0.01,23,Plot,BSP95
0.01,34,Plot,BSP96
0.01,33,Plot,BSP97
0.01,80,Plot,BSP98
0.01,72,Plot,BSP99
0.4,278,Plot,Ituri
0.5,307,Plot,Korup
0.02,160,Plot,BukitTimah
0.5,678,Plot,Pasoh
0.52,1008,Plot,Lambir
0.15,112,Plot,DoiInthanon
0.5,217,Plot,HuaiKhaKhaeng
0.24,441,Plot,KhaoChong
0.16,262,Plot,Palanan
0.25,167,Plot,Sinharaja
0.5,63,Plot,Mudumalai
0.0588,90,Plot,Nanjenshan
0.3,365,Plot,Wanang
0.2,339,Plot,Xishuangbanna
0.6,236,Plot,Jianfengling
0.25,34,Plot,Changbaishan
0.24,109,Plot,Gutianshan
0.05,99,Plot,Baishanzu
0.2,131,Plot,Dinghushan
0.5,148,Plot,Heishiding
0.09,31,Plot,Liangshui
0.2,107,Plot,Tiantong
0.25,186,Plot,Badagongshan
0.2,39,Plot,Donlingshan
0.25,77,Plot,Fushan
0.25,101,Plot,Lienhuachih
0.1,71,Plot,Kenting
0.03,54,Plot,MtPeitungyen
0.25,7,Plot,Zofin
0.27,11,Plot,Speulderbos
0.5,238,Plot,BCI
0.25,179,Plot,LaPlanada
0.16,86,Plot,Luquillo
0.5,821,Plot,Yasuni
0.06,130,Plot,Sherman
0.04,97,Plot,Cocoli
0.1024,103,Plot,IlhadoCardoso
0.256,49,Plot,SCBI
0.1353,15,Plot,Haliburton
0.256,22,Plot,Wabikon
0.256,8,Plot,Yosemite
0.256,11,Plot,WindRiver
0.06,18,Plot,SantaCruz
0.25,26,Plot,LillyDickeyWoods
0.01,115,Plot,Sep-01
0.01,130,Plot,Sep-02
0.01,74,Plot,Sep-03
0.01,256,Plot,AND-01
0.01,100,Plot,ASN-02
0.01,107,Plot,ASN-04
0.01,65,Plot,BAD-01
0.01,65,Plot,BBC-01
0.01,93,Plot,BBR-14
0.01,99,Plot,BBR-16
0.01,76,Plot,BBR-17
0.01,228,Plot,BEL-01
0.01,37,Plot,BES-01
0.01,74,Plot,BIS-01
0.01,113,Plot,BIS-02
0.01,56,Plot,BIS-03
0.01,128,Plot,BIS-04
0.01,43,Plot,BIS-05
0.01,93,Plot,BOR-05
0.01,94,Plot,BOR-06
0.01,75,Plot,CAM-01
0.01,75,Plot,CAM-02
0.01,74,Plot,CAM-03
0.01,82,Plot,CAP-09
0.01,103,Plot,CAP-10
0.01,27,Plot,CEB-03
0.01,122,Plot,CHO-02
0.01,96,Plot,CVL-01
0.01,107,Plot,DAN-01
0.01,100,Plot,DAN-02
0.01,128,Plot,DAN-03
0.01,30,Plot,DJK-01
0.01,33,Plot,DJK-03
0.01,121,Plot,DJK-04
0.01,39,Plot,DJK-05
0.01,99,Plot,DJK-06
0.01,109,Plot,DOU-01
0.01,89,Plot,DRA-04
0.01,89,Plot,DRA-05
0.01,62,Plot,DZS-03
0.01,73,Plot,EDO-01
0.01,72,Plot,EJA-04
0.01,77,Plot,EKO-01
0.01,125,Plot,ELM-01
0.01,95,Plot,FUR-07
0.01,54,Plot,GBO-01
0.01,53,Plot,GBO-02
0.01,57,Plot,GBO-04
0.01,58,Plot,GBO-08
0.01,61,Plot,GBO-10
0.01,52,Plot,GBO-11
0.01,70,Plot,GBO-13
0.01,69,Plot,GBO-14
0.01,67,Plot,GBO-15
0.01,63,Plot,GBO-18
0.01,181,Plot,GMU-01
0.01,183,Plot,GMU-02
0.01,112,Plot,GMU-03
0.01,69,Plot,GMU-04
0.01,71,Plot,HAB-02
0.01,105,Plot,HAB-03
0.01,84,Plot,HAB-04
0.01,84,Plot,HAB-06
0.01,109,Plot,HAB-07
0.01,141,Plot,HCC-11
0.01,88,Plot,HCC-21
0.01,108,Plot,HCC-22
0.01,122,Plot,HCC-23
0.01,69,Plot,IMA-03
0.01,83,Plot,KDE-01
0.01,146,Plot,KIS-07
0.01,12,Plot,KOL-04
0.01,253,Plot,LAM-03 (incl. LAM-05)
0.01,192,Plot,LAM-07
0.01,95,Plot,LEN-01
0.01,77,Plot,LEN-02
0.01,89,Plot,LGB-01
0.01,67,Plot,LKM-01
0.01,55,Plot,LKM-02
0.01,88,Plot,LKM-05
0.01,66,Plot,LKM-06
0.01,75,Plot,LKM-07
0.01,41,Plot,MAL-01
0.01,37,Plot,MAL-02
0.01,38,Plot,MAL-03
0.01,46,Plot,MAL-05
0.01,50,Plot,MAL-06
0.01,41,Plot,MAL-07
0.01,39,Plot,MAL-08
0.01,63,Plot,MAL-10
0.01,44,Plot,MAL-11
0.01,47,Plot,MAL-12
0.01,37,Plot,MAL-13
0.01,39,Plot,MAL-14
0.01,54,Plot,MAL-15
0.01,51,Plot,MAL-16
0.01,44,Plot,MAL-17
0.01,105,Plot,MDC-01
0.01,121,Plot,MDC-03
0.01,104,Plot,MDC-04
0.01,60,Plot,MDJ-01
0.01,77,Plot,MDJ-03
0.01,69,Plot,MDJ-07
0.01,169,Plot,MER-02 (incl. MER-05)
0.01,99,Plot,MER-10 (incl. MER-14)
0.01,116,Plot,MMI-01
0.01,81,Plot,MMI-02
0.01,42,Plot,MNK-01
0.01,65,Plot,MNK-02
0.01,83,Plot,NGI-01
0.01,88,Plot,NGI-03
0.01,100,Plot,NGI-04
0.01,101,Plot,NGI-06
0.01,80,Plot,NGI-07
0.01,98,Plot,NGI-09
0.01,9,Plot,NNP-01
0.01,77,Plot,NNP-03
0.01,81,Plot,OGI-01
0.01,81,Plot,OGI-03
0.01,93,Plot,OGI-04
0.01,80,Plot,OGI-05
0.01,85,Plot,OGI-06
0.01,89,Plot,OGI-07
0.01,36,Plot,OUT-01
0.01,118,Plot,OVG-01
0.01,152,Plot,PAR-25
0.01,180,Plot,PNY-03
0.01,158,Plot,RCS-01
0.01,100,Plot,SAN-21
0.01,97,Plot,SAN-22
0.01,103,Plot,SAN-23
0.01,101,Plot,SAN-24
0.01,100,Plot,SAN-25
0.01,110,Plot,SAN-26
0.01,104,Plot,SAN-27
0.01,99,Plot,SAN-28
0.01,108,Plot,SAN-29
0.01,94,Plot,SAN-30
0.01,48,Plot,SNG-01
0.01,73,Plot,SNG-02
0.01,74,Plot,SNG-04
0.01,64,Plot,SNG-06
0.01,105,Plot,SNP-01
0.01,190,Plot,STR-40
0.01,124,Plot,SWT-01
0.01,101,Plot,TNP-06
0.01,65,Plot,TNP-08
0.01,93,Plot,TNP-10
0.01,114,Plot,TNP-11
0.01,95,Plot,TNP-12
0.01,124,Plot,TNP-13
0.01,81,Plot,TNP-14
0.01,90,Plot,TNP-15
0.01,61,Plot,TON-01
0.01,97,Plot,TON-08
0.01,34,Plot,VTA-01
0.01,19,Plot,VTA-03
0.01,38,Plot,VTA-04
0.01,30,Plot,VTA-05
0.01,42,Plot,VTA-13
0.01,35,Plot,VTA-14
0.01,23,Plot,VTA-19
0.01,107,Plot,WKA-09
0.01,92,Plot,YOK-06
0.01,97,Plot,YOK-10
0.01,196,Plot,ITX-71
0.01,193,Plot,KUB-01
0.01,213,Plot,RIL-03
0.01,194,Plot,LAD-01
0.01,199,Plot,PSH-01
0.01,163,Plot,PSH-02
0.01,87,Plot,PSH-03
0.01,183,Plot,PSH-07
0.01,170,Plot,PSH-08
0.01,157,Plot,PSH-09
0.000672,1,Plot,US86197
0.000672,1,Plot,US164839
0.000672,3,Plot,US11083
0.000672,12,Plot,US127184
0.000672,1,Plot,US19757
0.000672,5,Plot,US150931
0.000672,3,Plot,US164785
0.000672,4,Plot,US149528
0.000672,3,Plot,US116664
0.000672,2,Plot,US22760
0.000672,1,Plot,US11572
0.000672,2,Plot,US165482
0.000672,3,Plot,US25728
0.000672,11,Plot,US127180
0.000672,2,Plot,US11928
0.000672,4,Plot,US126919
0.000672,8,Plot,US102456
0.000672,2,Plot,US140704
0.000672,3,Plot,US10552
0.000672,3,Plot,US84469
0.000672,6,Plot,US163228
0.000672,5,Plot,US162209
0.000672,2,Plot,US19560
0.000672,5,Plot,US144836
0.000672,8,Plot,US46904
0.000672,5,Plot,US98803
0.000672,5,Plot,US127186
0.000672,2,Plot,US148432
0.000672,3,Plot,US164937
0.000672,5,Plot,US162753
0.000672,5,Plot,US99896
0.000672,5,Plot,US11694
0.000672,3,Plot,US16768
0.000672,2,Plot,US26983
0.000672,5,Plot,US88464
0.000672,5,Plot,US159643
0.000672,2,Plot,US99418
0.000672,6,Plot,US98800
0.000672,2,Plot,US26099
0.000672,1,Plot,US20442
0.000672,8,Plot,US47379
0.000672,10,Plot,US158273
0.000672,1,Plot,US164357
0.000672,1,Plot,US166170
0.000672,2,Plot,US20320
0.000672,1,Plot,US166163
0.000672,2,Plot,US26800
0.000672,4,Plot,US11084
0.000672,3,Plot,US20901
0.000672,5,Plot,US17654
0.000672,1,Plot,US164103
0.000672,8,Plot,US98794
0.000672,3,Plot,US163506
0.000672,1,Plot,US10286
0.000672,2,Plot,US151980
0.000672,7,Plot,US47484
0.000672,2,Plot,US84700
0.000672,6,Plot,US63945
0.000672,1,Plot,US163862
0.000672,9,Plot,US46443
0.000672,1,Plot,US163970
0.000672,7,Plot,US160757
0.000672,5,Plot,US82799
0.000672,5,Plot,US21768
0.000672,5,Plot,US103052
0.000672,2,Plot,US163868
0.000672,3,Plot,US110776
0.000672,6,Plot,US99487
0.000672,5,Plot,US20680
0.000672,3,Plot,US23883
0.000672,3,Plot,US85913
0.000672,8,Plot,US147731
0.000672,9,Plot,US125408
0.000672,7,Plot,US163112
0.000672,3,Plot,US165068
0.000672,5,Plot,US110499
0.000672,4,Plot,US25763
0.000672,4,Plot,US159466
0.000672,4,Plot,US46579
0.000672,3,Plot,US163386
0.000672,10,Plot,US99417
0.000672,9,Plot,US147789
0.000672,1,Plot,US83086
0.000672,5,Plot,US145453
0.000672,3,Plot,US150793
0.000672,5,Plot,US127003
0.000672,3,Plot,US164260
0.000672,3,Plot,US165104
0.000672,1,Plot,US20286
0.000672,9,Plot,US46729
0.000672,5,Plot,US11929
0.000672,5,Plot,US102476
0.000672,2,Plot,US111989
0.000672,2,Plot,US128818
0.000672,2,Plot,US165067
0.000672,3,Plot,US18790
0.000672,1,Plot,US166165
0.000672,2,Plot,US164081
0.000672,8,Plot,US127409
0.000672,7,Plot,US127974
543.45,216,Country,Antigua and Barbuda
2317502.05,90,Country,Algeria
85919.87,115,Country,Azerbaijan
28676.01,122,Country,Albania
29667.56,110,Country,Armenia
1247491.08,1171,Country,Angola
2781055.91,707,Country,Argentina
7690031.6,3201,Country,Australia
650.82,2,Country,Bahrain
12812.5,246,Country,Bahamas
138821.09,655,Country,Bangladesh
22143.37,1019,Country,Belize
51543.53,80,Country,Bosnia and Herzegovina
1086526.44,2983,Country,Bolivia
668161.68,1938,Country,Burma
116173.17,556,Country,Benin
28202.49,739,Country,Solomon Islands
111005.84,112,Country,Bulgaria
5749.12,1072,Country,Brunei Darussalam
9959827.52,245,Country,Canada
182007.99,871,Country,Cambodia
66288.62,865,Country,Sri Lanka
344043.34,1260,Country,Congo
2326811.01,2048,Country,Democratic Republic of the Congo
27182.04,395,Country,Burundi
641920.96,93,Country,Afghanistan
39851.28,554,Country,Bhutan
745866.43,153,Country,Chile
464800.56,1960,Country,Cameroon
1271861.41,243,Country,Chad
1724.22,140,Country,Comoros
1135676.05,5801,Country,Colombia
51064.69,2605,Country,Costa Rica
618575.65,958,Country,Central African Republic
109891.85,1341,Country,Cuba
3525.22,16,Country,Cape Verde
9258.2,40,Country,Cyprus
42960.55,41,Country,Denmark
21434.64,103,Country,Djibouti
764.97,314,Country,Dominica
48417.94,1034,Country,Dominican Republic
255846.23,3616,Country,Ecuador
998440.4,52,Country,Egypt
69700.51,36,Country,Ireland
26941.63,711,Country,Equatorial Guinea
45978.73,40,Country,Estonia
121035.61,167,Country,Eritrea
20584.9,824,Country,El Salvador
1127530.81,608,Country,Ethiopia
83957.51,84,Country,Austria
78752.07,83,Country,Czech Republic
83625.38,1748,Country,French Guiana
335094.5,35,Country,Finland
548163.28,123,Country,France
10715.6,182,Country,Gambia
260691.68,1662,Country,Gabon
69945.06,115,Country,Georgia
239032.76,896,Country,Ghana
2161188.23,4,Country,Greenland
357575.3,97,Country,Germany
131757.39,142,Country,Greece
108992.64,1810,Country,Guatemala
245062.84,723,Country,Guinea
210679.98,2181,Country,Guyana
27257.99,1063,Country,Haiti
112410.59,1590,Country,Honduras
56203.84,105,Country,Croatia
92988.92,113,Country,Hungary
102950.01,6,Country,Iceland
3153189.84,2541,Country,India
1623443.8,128,Country,Iran (Islamic Republic of)
20712.22,40,Country,Israel
300510.85,151,Country,Italy
321362.01,1063,Country,Cote d'Ivoire
436281.18,32,Country,Iraq
372816,550,Country,Japan
11038.42,763,Country,Jamaica
89199.69,22,Country,Jordan
581883.93,1108,Country,Kenya
199584.91,58,Country,Kyrgyzstan
122293.27,117,Country,"Korea, Democratic People's Republic of"
97980.47,184,Country,"Korea, Republic of"
16811.91,3,Country,Kuwait
2723396.84,82,Country,Kazakhstan
229922.03,1017,Country,Lao People's Democratic Republic
10215.12,51,Country,Lebanon
64630.4,38,Country,Latvia
207723.73,39,Country,Belarus
65047.87,34,Country,Lithuania
96025.98,796,Country,Liberia
48935.97,77,Country,Slovakia
1617603.4,32,Country,Libyan Arab Jamahiriya
592995.33,3197,Country,Madagascar
1150.28,372,Country,Martinique
1562957.09,59,Country,Mongolia
25484.05,91,Country,The former Yugoslav Republic of Macedonia
1252274.75,276,Country,Mali
403238.02,91,Country,Morocco
2172.19,267,Country,Mauritius
1038464.86,66,Country,Mauritania
308799.5,73,Country,Oman
1957521.75,3387,Country,Mexico
328853.23,5041,Country,Malaysia
786425.35,1115,Country,Mozambique
118524.44,724,Country,Malawi
19231.12,1494,Country,New Caledonia
1182009.58,120,Country,Niger
30641.09,49,Country,Belgium
1055.04,34,Country,Hong Kong
1599.57,3,Country,Faroe Islands
509.26,29,Country,Andorra
622.48,2,Country,Isle of Man
2583.18,36,Country,Luxembourg
6266.15,24,Country,Palestine
13787.49,89,Country,Montenegro
449.43,90,Country,Mayotte
12697.74,317,Country,Vanuatu
908616.8,1271,Country,Nigeria
35786.06,42,Country,Netherlands
321797.64,47,Country,Norway
147199.13,600,Country,Nepal
145018.23,1542,Country,Suriname
128178.98,1525,Country,Nicaragua
269151.7,209,Country,New Zealand
398816.42,707,Country,Paraguay
1290869.11,4477,Country,Peru
876559.77,229,Country,Pakistan
311694.94,58,Country,Poland
74532.24,2684,Country,Panama
91523.07,95,Country,Portugal
463546.31,2600,Country,Papua New Guinea
33969.03,319,Country,Guinea-Bissau
11110.36,3,Country,Qatar
2645.02,143,Country,Reunion
237375.9,92,Country,Romania
33693.79,42,Country,Republic of Moldova
294712.57,2224,Country,Philippines
9246.5,632,Country,Puerto Rico
16944700.99,203,Country,Russia
25143.37,383,Country,Rwanda
1954760.34,82,Country,Saudi Arabia
1220281.07,953,Country,South Africa
30539.1,55,Country,Lesotho
578326.61,299,Country,Botswana
196061.38,349,Country,Senegal
20410.43,78,Country,Slovenia
72497.69,702,Country,Sierra Leone
636284.86,419,Country,Somalia
506184.83,150,Country,Spain
636.68,309,Country,Saint Lucia
2486953.12,239,Country,Sudan
446397.53,46,Country,Sweden
187971.66,58,Country,Syrian Arab Republic
41507.69,70,Country,Switzerland
5029.53,570,Country,Trinidad and Tobago
512815.74,2473,Country,Thailand
142387.34,61,Country,Tajikistan
57127.44,433,Country,Togo
1146.21,197,Country,Sao Tome and Principe
155383.91,48,Country,Tunisia
780017.13,175,Country,Turkey
471713.65,47,Country,Turkmenistan
941390.07,1755,Country,United Republic of Tanzania
242065.63,849,Country,Uganda
244816.55,82,Country,United Kingdom
597738.36,97,Country,Ukraine
272332.4,278,Country,Burkina Faso
177842.62,159,Country,Uruguay
446621.91,58,Country,Uzbekistan
390.72,290,Country,Saint Vincent and the Grenadines
911622.98,4680,Country,Venezuela
325522.64,2494,Country,Viet Nam
824743.12,334,Country,Namibia
17121.89,387,Country,Swaziland
423873.31,228,Country,Yemen
751901.9,851,Country,Zambia
389856.27,763,Country,Zimbabwe
1886407.8,5244,Country,Indonesia
70651.61,8,Country,United Arab Emirates
14665.86,62,Country,Timor-Leste
268991.58,7,Country,Western Sahara
88112.19,92,Country,Serbia
63041.47,2,Country,Svalbard
36366.48,633,Country,Taiwan
8473881.5,8908,Country,Brazil
9369062.63,4635,Country,China
9469842.48,1371,Country,United States
510072000,60065,World,World
